P B ABDUL RAZAK,1-MANJESHWAR,56870
K SURENDRAN,1-MANJESHWAR,56781
C.H.KUNHAMBU,1-MANJESHWAR,42565
BASHEER AHAMAD,1-MANJESHWAR,759
K.SUNDARA,1-MANJESHWAR,467
RAVICHANDRA,1-MANJESHWAR,365
K P MUNEER,1-MANJESHWAR,224
JOHN D'SOUZA,1-MANJESHWAR,207
N A NELLIKKUNNU,2-KASARAGOD,64727
RAVISHA THANTHRI KUNTAR,2-KASARAGOD,56120
A.A AMEEN,2-KASARAGOD,21615
VIJAYAKUMAR B,2-KASARAGOD,585
ROSHANKUMAR,2-KASARAGOD,508
A DAMODARAN,2-KASARAGOD,283
MUNEER MUNAMBAM,2-KASARAGOD,250
K KUNHIRAMAN,3-UDMA,70679
K SUDHAKARAN,3-UDMA,66847
K.SHREEKANTH,3-UDMA,21231
GOPI KUTHIRAKALLU,3-UDMA,353
DAMODARAN.P,3-UDMA,349
MOHAMMED PAKYARA,3-UDMA,331
SUDHAKARAN CHERUKANAM,3-UDMA,208
GOVINDAN B ALINTHAZHE,3-UDMA,165
ABBAS MUTHALAPPARA,3-UDMA,157
K KUNHIRAMAN PERIYANGANANAM,3-UDMA,145
E.CHANDRASEKHARAN,4-KANHANGAD,80558
DHANYA SURESH,4-KANHANGAD,54547
M P RAGHAVAN,4-KANHANGAD,21104
CHANDRAN PARAPPA,4-KANHANGAD,965
ASSAINAR MUTTUMTHALA,4-KANHANGAD,959
SAJEEVAN R,4-KANHANGAD,663
MUHAMMAD ALI V V,4-KANHANGAD,420
KOOKKAL BALAKRISHNAN,4-KANHANGAD,294
RAGHAVAN B POODAMKALLU,4-KANHANGAD,272
BALACHANDRAN KARIMBIL,4-KANHANGAD,260
K U KRISHNAKUMAR,4-KANHANGAD,186
M. DAMODARAN,4-KANHANGAD,105
M. RAJAGOPALAN,5-TRIKARIPUR,79286
K.P. KUNHIKANNAN,5-TRIKARIPUR,62327
M. BHASKARAN,5-TRIKARIPUR,10767
C.H. MUTHALIB,5-TRIKARIPUR,1029
M.V. SHAUKATHALI,5-TRIKARIPUR,840
P.P. PURUSHOTHAMAN,5-TRIKARIPUR,263
K.P. KUNHIKANNAN KANDOTHUMPURATH,5-TRIKARIPUR,183
KUNJIKANNAN. P. M KURUVATTU VEEDU,5-TRIKARIPUR,109
K M SREEDHARAN,5-TRIKARIPUR,93
C KRISHNAN,6-PAYYANNUR,83226
SAJID MAVVAL,6-PAYYANNUR,42963
ANIAMMA TEACHER,6-PAYYANNUR,15341
VINOD KUMAR RAMANTHALI,6-PAYYANNUR,870
T V RAJESH,7-KALLIASSERI,83006
AMRITHA RAMAKRISHNAN,7-KALLIASSERI,40115
K P ARUN MASTER,7-KALLIASSERI,11036
SUNIL KOYILERIAN,7-KALLIASSERI,1455
K SUBAIR,7-KALLIASSERI,1435
SAINUDHEEN KARIVELLUR,7-KALLIASSERI,1080
JAMES MATHEW,8-TALIPARAMBA,91106
RAJESH NAMBIAR,8-TALIPARAMBA,50489
P BALAKRISHNAN MASTER,8-TALIPARAMBA,14742
IBRAHIM THIRUVATTOOR,8-TALIPARAMBA,1323
P K AYYAPPAN MASTER,8-TALIPARAMBA,675
K SADANANDAN,8-TALIPARAMBA,288
RAJESH KUMAR,8-TALIPARAMBA,287
P V ANIL,8-TALIPARAMBA,203
K C JOSEPH,9-IRIKKUR,72548
K T JOSE,9-IRIKKUR,62901
A P GANGADHARAN,9-IRIKKUR,8294
BINOY THOMAS,9-IRIKKUR,2734
JOSEPH K C KALAYAKKATTIL,9-IRIKKUR,602
RIJO,9-IRIKKUR,134
RAJEEV JOSEPH,9-IRIKKUR,123
A K SHAJI,9-IRIKKUR,103
RAVEENDRAN A V,9-IRIKKUR,80
K M SHAJI,10-AZHIKODE,63082
M V NIKESH KUMAR,10-AZHIKODE,60795
A V KESAVAN,10-AZHIKODE,12580
K K ABDUL JABBAR,10-AZHIKODE,1705
P K RAGESH,10-AZHIKODE,1518
M JOSEPH JOHN,10-AZHIKODE,687
P C VIVEK,10-AZHIKODE,235
"SHAJI K M, THOLAMBRA",10-AZHIKODE,196
"K M SHAJI, MAMBA",10-AZHIKODE,160
PRASAD V P,10-AZHIKODE,87
RAMACHANDRAN KADANNAPPALLI,11-KANNUR,54347
SATHEESAN PACHENI,11-KANNUR,53151
K.G. BABU,11-KANNUR,13215
SUFIRA K P,11-KANNUR,2551
C P RAHNA TEACHER,11-KANNUR,1134
N P SATHAR,11-KANNUR,755
K SUDHAKARAN,11-KANNUR,223
SATHEESAN PAZHAYADATH,11-KANNUR,97
SATHEESAN EDATHIL VEEDU,11-KANNUR,79
RAMACHANDRAN THAYALA PURAYIL,11-KANNUR,77
RAMACHANDRAN POTHERAVALAPPIL,11-KANNUR,73
PINARAYI VIJAYAN,12-DHARMADAM,87329
MAMBARAM DIVAKARAN,12-DHARMADAM,50424
MOHANAN MANANTHERI,12-DHARMADAM,12763
THARAMMAL NIYAS,12-DHARMADAM,1994
DIVAKARAN. M. THIRUVATHIRA,12-DHARMADAM,354
DIVAKARAN MOOTTIL HOUSE,12-DHARMADAM,148
A N SHAMSEER,13-THALASSERY,70741
A P ABDULLAKUTTY,13-THALASSERY,36624
V K SAJEEVAN,13-THALASSERY,22125
JABEENA IRSHAD,13-THALASSERY,1337
A C JALALUDHEEN,13-THALASSERY,959
BALAKRISHNAN KODIYERI,13-THALASSERY,129
THAYYIL VATTAKKANDY SAJEEVAN V K,13-THALASSERY,125
DANISH MAHAL A P ABDULLAKUTTY,13-THALASSERY,112
K K SHYLAJA TEACHER,14-KUTHUPARAMBA,67013
K P MOHANAN S/O P R KURUP,14-KUTHUPARAMBA,54722
C SADANANDAN MASTER,14-KUTHUPARAMBA,20787
MUHAMMAD SHABEER K C,14-KUTHUPARAMBA,1681
K P MOHANAN VEDICHALIL,14-KUTHUPARAMBA,1041
K P MOHANAN HRIDYAM,14-KUTHUPARAMBA,355
K RAGHUNATH,14-KUTHUPARAMBA,296
K P SHYLAJA PRASANTH,14-KUTHUPARAMBA,265
SHYLAJA NELLIYULLA PARAMBATH,14-KUTHUPARAMBA,163
E. P. JAYARAJAN,15-MATTANNUR,84030
K. P. PRASANTH,15-MATTANNUR,40649
BIJU ELAKKUZHI,15-MATTANNUR,18620
RAFEEKH KEECHERI,15-MATTANNUR,3188
KODIPPADI PRASANTH,15-MATTANNUR,770
SUNNY JOSEPH,16-PERAVOOR,65659
BINOY KURIAN,16-PERAVOOR,57670
PAILY VATHIATTU,16-PERAVOOR,9129
P K FAROOKH,16-PERAVOOR,1935
PALLIPRAM PRASANNAN,16-PERAVOOR,513
SUNNY JOSEPH KALLARAKKAL,16-PERAVOOR,389
K J JOSEPH,16-PERAVOOR,241
BIJOY KURIAN,16-PERAVOOR,214
V D BINTO,16-PERAVOOR,124
SUNNY,16-PERAVOOR,110
RADHAMANI NARAYANA KUMAR,16-PERAVOOR,63
O R KELU,17-MANANTHAVADY,62436
P K JAYALAKSHMI,17-MANANTHAVADY,61129
K MOHANDAS,17-MANANTHAVADY,16230
SOMAN P N,17-MANANTHAVADY,1377
LAKSHMI,17-MANANTHAVADY,1300
ANNAN MADAKKIMALA,17-MANANTHAVADY,679
KELU CHAYIMMAL,17-MANANTHAVADY,583
VIJAYAN,17-MANANTHAVADY,224
USHA K,17-MANANTHAVADY,205
KELU KOLLIYIL,17-MANANTHAVADY,196
NITTAMANI K KUNHIRAMAN,17-MANANTHAVADY,183
I C BALAKRISHNAN,18-SULTHANBATHERY,75747
RUGMINI SUBRAHMANIAN,18-SULTHANBATHERY,64549
C K JANU,18-SULTHANBATHERY,27920
MUKUNDAN CHEENGERI,18-SULTHANBATHERY,791
MADHAVI,18-SULTHANBATHERY,609
K K VASU,18-SULTHANBATHERY,478
BALAKRISHNAN EDAKKAL,18-SULTHANBATHERY,387
T R SREEDHARAN,18-SULTHANBATHERY,262
C K SASEENDRAN,19-KALPETTA,72959
M.V SHREYAMS KUMAR,19-KALPETTA,59876
K SADANANDAN,19-KALPETTA,12938
JOSEPH AMBALAVAYAL,19-KALPETTA,900
K A AYOOB,19-KALPETTA,837
MADAYI LATHEEF,19-KALPETTA,594
SREYAMS KUMAR ANJANA HOUSE,19-KALPETTA,498
SUJAYAKUMAR,19-KALPETTA,468
MOIDEEN CHEMBOTHARA,19-KALPETTA,451
SANDHYA N M,19-KALPETTA,214
C K NANU,20-VADAKARA,49211
MANAYATH CHANDRAN,20-VADAKARA,39700
K K REMA T P HOUSE,20-VADAKARA,20504
M. RAJESH KUMAR,20-VADAKARA,13937
P ABDUL HAMEED MASTER,20-VADAKARA,2673
MADAPPARAMBATH CHANDRAN,20-VADAKARA,1648
K K REMA KUNIYIL,20-VADAKARA,352
STALIN P P,20-VADAKARA,284
T K NANU THAZHE KANDOTH,20-VADAKARA,279
MATHATH CHANDRAN,20-VADAKARA,240
T P RAMA VADAKKE EROTH,20-VADAKARA,238
PARAKKAL ABDULLA,21-KUTTIADI,71809
K K LATHIKA,21-KUTTIADI,70652
RAMADAS MANALERI,21-KUTTIADI,12327
P C BASKARAN,21-KUTTIADI,1125
SABU KAKKATTIL,21-KUTTIADI,860
K C KUMARAN,21-KUTTIADI,220
NARANATHU MUHAMMAD,21-KUTTIADI,118
PARAKKAL ABDULLA PALLIYATH,21-KUTTIADI,85
S R KHAN MANIYOOR,21-KUTTIADI,76
PALLIYIL ABDULLA,21-KUTTIADI,62
ALUVA ANEESH,21-KUTTIADI,57
PAREMMAL ABDULLA,21-KUTTIADI,44
E K VIJAYAN,22-NADAPURAM,74742
K. PRAVEENKUMAR,22-NADAPURAM,69983
M P RAJAN,22-NADAPURAM,14493
ABDUL RAHEEM,22-NADAPURAM,2183
KK VASU,22-NADAPURAM,377
E K VIJAYAN KOMATH,22-NADAPURAM,220
PRAVEEN KUMAR THAYULLATHIL (H),22-NADAPURAM,171
PRAVEEN RAYAROTH THAZHIKUNI,22-NADAPURAM,163
ALUVA ANEESH,22-NADAPURAM,151
K. DASAN,23-QUILANDY,70593
N. SUBRAMANIAN,23-QUILANDY,57224
K RAJINESH BABU,23-QUILANDY,22087
ISMAYIL KAMMANA,23-QUILANDY,798
RASAL. M. K,23-QUILANDY,703
PARAPPIL BALAKRISHNAN,23-QUILANDY,678
M.N.SUBRAMANIAN KAKKUDUMBIL MITHAL,23-QUILANDY,489
P K DASAN PAZHUNTHUM KOOTTATHIL,23-QUILANDY,167
P M SREEKUMAR,23-QUILANDY,149
P M KUNHIKANNAN,23-QUILANDY,126
T P RAMAKRISHNAN,24-PERAMBRA,72359
MOHAMMED IKBAL,24-PERAMBRA,68258
SUKUMARAN NAIR,24-PERAMBRA,8561
RAZSAQ PALERI,24-PERAMBRA,1673
K P GOPI,24-PERAMBRA,1036
MUHAMMAD IQBAL BAPPU BAITH,24-PERAMBRA,637
M T MUHAMMED MASTER,24-PERAMBRA,224
MUHAMMED IQBAL PALLATH,24-PERAMBRA,148
PURUSHUAN KADALUNDY,25-BALUSSERI,82914
U.C RAMAN PADANILAM,25-BALUSSERI,67450
P.K SUPRAN,25-BALUSSERI,19324
BALAN NADUVANNUR,25-BALUSSERI,1764
SASEENDRAN BAPPANKAD,25-BALUSSERI,959
RAMAN THACHAMPOYIL MEETHAL,25-BALUSSERI,710
K.T SIVAN,25-BALUSSERI,497
JAYARAJAN,25-BALUSSERI,312
A K SASEENDRAN,26-ELATHUR,76387
POTTANGADI KISHAN CHAND,26-ELATHUR,47330
V V RAJAN,26-ELATHUR,29070
KOTTEAPPATT KRISHNAN,26-ELATHUR,1724
RAGHU KALLIKKAD,26-ELATHUR,1142
USEFFALI P M,26-ELATHUR,367
A PRADEEP KUMAR,27-KOZHIKODE NORTH,64192
P M SURESH BABU,27-KOZHIKODE NORTH,36319
K P SREESAN,27-KOZHIKODE NORTH,29860
VELAYUDHAN.K.P,27-KOZHIKODE NORTH,457
ABDUL VAHID,27-KOZHIKODE NORTH,351
S JENNIFER,27-KOZHIKODE NORTH,208
E PRADEEP KUMAR PEEDIKATHODI,27-KOZHIKODE NORTH,187
T SURESH BABU KAMALADHALAM,27-KOZHIKODE NORTH,151
ABDU SAMAD,27-KOZHIKODE NORTH,122
M.K.MUNEER,28-KOZHIKODE SOUTH,49863
ABDUL VAHAB,28-KOZHIKODE SOUTH,43536
SATHEESH KUTTIYIL,28-KOZHIKODE SOUTH,19146
U.K.DEYSI BALASUBRAMANIAN,28-KOZHIKODE SOUTH,593
KAMALA PAVITHRAN,28-KOZHIKODE SOUTH,480
A.P.ABDUL VAHAB,28-KOZHIKODE SOUTH,287
SAJAN.A.K,28-KOZHIKODE SOUTH,227
ABDUL SATHAR,28-KOZHIKODE SOUTH,211
MUNEER DAVARI,28-KOZHIKODE SOUTH,190
PREMANAND.T,28-KOZHIKODE SOUTH,166
ABDUL MUNEER,28-KOZHIKODE SOUTH,130
V K C MAMMED KOYA,29-BEYPORE,69114
ADAM MULSI M P,29-BEYPORE,54751
PRAKASH BABU,29-BEYPORE,27958
P.C MUHAMMEDKUTTY MASTER,29-BEYPORE,1387
MUSTHAFA KOMMERI,29-BEYPORE,1126
V K MAMMED KOYA V K HOUSE,29-BEYPORE,355
ADAM MALIQUE,29-BEYPORE,199
ADAM K V,29-BEYPORE,109
AJEESH KUMAR ERAKKATHIL,29-BEYPORE,105
P.T.A. RAHIM,30-KUNNAMANGALAM,77410
T. SIDDIQU,30-KUNNAMANGALAM,66205
C.K.PADMANABHAN,30-KUNNAMANGALAM,32702
LATHEEF ANORA,30-KUNNAMANGALAM,1252
K.P. RAHEEM MELE CHETTUKUZHIYIL,30-KUNNAMANGALAM,726
P.P. RAJAN,30-KUNNAMANGALAM,304
P. SIDHEEQ PANNIYOOKKIL,30-KUNNAMANGALAM,212
T.P. SIDDEEQUE THALAPPOYIL,30-KUNNAMANGALAM,206
ABOOBACKER SIDHIQU,30-KUNNAMANGALAM,176
KARAT RAZACK,31-KODUVALLY,61033
M. A. RAZAK MASTER,31-KODUVALLY,60460
ALI AKBAR,31-KODUVALLY,11537
P. K. ZAKARIYYA,31-KODUVALLY,1566
E NAZAR,31-KODUVALLY,1466
ABDUL RAZAK K T,31-KODUVALLY,352
SAYYID HUSSAIN JIFFIRI THANGAL,31-KODUVALLY,281
K P ABOOBACKER,31-KODUVALLY,112
GEORGE M. THOMAS,32-THIRUVAMBADY,62324
V M UMMER MASTER,32-THIRUVAMBADY,59316
GIRI PAMBANAL,32-THIRUVAMBADY,8749
RAJU PUNNAKKAL,32-THIRUVAMBADY,2226
SIMON THONAKKARA,32-THIRUVAMBADY,641
T P MOHAMMED,32-THIRUVAMBADY,569
NOUSHAD KODIYATHUR,32-THIRUVAMBADY,517
SIBI VAYALIL,32-THIRUVAMBADY,426
C M UMMER CHOKLIYIL,32-THIRUVAMBADY,77
UMMAR VILANGOT,32-THIRUVAMBADY,65
T.V. IBRAHIM,33-KONDOTTY,69668
K P BEERANKUTTY,33-KONDOTTY,59014
K RAMACHANDRAN,33-KONDOTTY,12513
NAZARUDHEEN ELAMARAM,33-KONDOTTY,3667
SALEEM VAZHAKKAD,33-KONDOTTY,2344
ABDUL GAFFOOR VAVOOR,33-KONDOTTY,566
K P VEERANKUTTY,33-KONDOTTY,442
SULFIKAR ALI AMBAL,33-KONDOTTY,316
KADEEJA,33-KONDOTTY,267
IBRAHIM CHOLAKKAD,33-KONDOTTY,176
P K BASHEER,34-ERANAD,69048
ABDURAHIMAN,34-ERANAD,56155
K P BABURAJ MASTER THUNDATHIL,34-ERANAD,6055
UMMER CHELAKKODE,34-ERANAD,1298
VELAYUDHAN,34-ERANAD,885
K.T. ABDUL RAHIMAN,34-ERANAD,825
FAROOQ CHENGARA,34-ERANAD,536
V.K.BASHEER VALLAKKAATT THODI,34-ERANAD,245
SHAHANAS,34-ERANAD,193
P.K.BASHEER PALATTUKUYYAN,34-ERANAD,149
P V ANVAR,35-NILAMBUR,77858
ARYADAN SHOUKATH,35-NILAMBUR,66354
GIRISH MEKKATT,35-NILAMBUR,12284
K BABU MANI,35-NILAMBUR,4751
A.P. ANIL KUMAR,36-WANDOOR,81964
K NISHANTH,36-WANDOOR,58100
SUNITHA MOHANDAS,36-WANDOOR,9471
KRISHNAN KUNIYIL,36-WANDOOR,3399
KRISHNAN ERANHIKKAL,36-WANDOOR,1178
VELAYUDHAN VENNIYUR,36-WANDOOR,920
M. UMMER,37-MANJERI,69779
K. MOHANDAS,37-MANJERI,50163
C. DINESH,37-MANJERI,11223
K.A. SAVAD,37-MANJERI,2503
C.H. ASHRAF,37-MANJERI,2357
MOYIN BAPPU,37-MANJERI,1121
V.M. MUSTHAFA,37-MANJERI,887
MANJALAMKUZHI ALI,38-PERINTHALMANNA,70990
V. SASIKUMAR,38-PERINTHALMANNA,70411
M.K. SUNIL,38-PERINTHALMANNA,5917
SALEEM MAMPAD,38-PERINTHALMANNA,1757
SUNIYA SIRAJ,38-PERINTHALMANNA,698
PALATHINGAL ABOOBACKER,38-PERINTHALMANNA,671
SAYYID MUSTHAFA POOKOYA THANGAL,38-PERINTHALMANNA,335
ANWAR SHAKEEL OMAR,38-PERINTHALMANNA,125
T.A. AHAMMED KABEER,39-MANKADA,69165
T.K. RASHEED ALI,39-MANKADA,67657
B. RATHEESH,39-MANKADA,6641
HAMEED VANIYAMBALAM,39-MANKADA,3999
A.A. RAHEEM,39-MANKADA,1456
O.T. SHIHAB,39-MANKADA,273
AHAMED KABEER MUTTENGADAN,39-MANKADA,218
M.K. AHAMMEDUL KABEER,39-MANKADA,119
ANWAR SHAKEEL OMAR,39-MANKADA,92
P. UBAIDULLA,40-MALAPPURAM,81072
K P SUMATHI,40-MALAPPURAM,45400
BADUSHA THANGAL K.N,40-MALAPPURAM,7211
E.C. AYISHA,40-MALAPPURAM,3330
JALEEL NEELAMBRA,40-MALAPPURAM,2444
ASHRAF PULPATTA,40-MALAPPURAM,1550
P.K. KUNHALIKUTTY,41-VENGARA,72181
P.P. BASHEER,41-VENGARA,34124
P.T. ALI HAJI,41-VENGARA,7055
KALLAN ABOOBACKER MASTER,41-VENGARA,3049
SURENDRAN KARIPPUZHA,41-VENGARA,1864
SUBAIR SWABAHI,41-VENGARA,1472
ABDUL HAMEED MASTER,42-VALLIKKUNNU,59720
O.K. THANGAL,42-VALLIKKUNNU,47110
JANACHANDRAN MASTER,42-VALLIKKUNNU,22887
NISSAR METHAR,42-VALLIKKUNNU,2975
HANEEFA HAJI,42-VALLIKKUNNU,2499
PRAVEEN KUMAR,42-VALLIKKUNNU,705
ANSAS KODAKKATTAKATH,42-VALLIKKUNNU,262
BALAKRISHNAN MANEERI,42-VALLIKKUNNU,192
ABOOBACKER ALIAS K K ABOO,42-VALLIKKUNNU,176
ABDUL NAZER,42-VALLIKKUNNU,106
V.P. PADMAKUMAR,42-VALLIKKUNNU,100
P.K. ABDU RABB,43-TIRURANGADI,62927
NIYAS PULIKKALAKATH,43-TIRURANGADI,56884
P.V. GEETHA MADHAVAN,43-TIRURANGADI,8046
K.C. NASEER,43-TIRURANGADI,2478
MALIYATT ABDURAZAK HAJI,43-TIRURANGADI,1902
MINU MUMTHAZ,43-TIRURANGADI,1270
NIYAS PAROLI,43-TIRURANGADI,541
HANEEFA,43-TIRURANGADI,294
NIYAS THAZHATHETHIL,43-TIRURANGADI,181
YOONUS SALEEM POOZHITHARA,43-TIRURANGADI,93
V ABDURAHIMAN,44-TANUR,64472
ABDURAHIMAN RANDATHANI,44-TANUR,59554
P.R. RASMILNATH,44-TANUR,11051
ASHRAF VAILATHUR,44-TANUR,1291
K.K. MAJEED KHASIMI,44-TANUR,1151
ANWAR PANNIKKANDATHIL,44-TANUR,858
P.T .UNNI,44-TANUR,708
V ABDURAHIMAN VAYANGATIL,44-TANUR,672
V. ABDURAHIMAN VARIKKOTTIL,44-TANUR,172
N. RAMAKRISHNAN MASTER,44-TANUR,139
THAMI,44-TANUR,81
V. ABDURAHIMAN VAYARAKATH,44-TANUR,66
ABDURAHIMAN PUTHANMALIYEKKAL,44-TANUR,54
C. MAMMUTTY,45-TIRUR,73432
GAFOOR P LILLIS,45-TIRUR,66371
M.K. DEVIDASAN,45-TIRUR,9083
GANESH VADERI,45-TIRUR,2001
IBRAHIM TIRUR,45-TIRUR,1828
SHAMEER PAYYANANGADI,45-TIRUR,1276
E.K. GAFOOR,45-TIRUR,791
MAMMUTTY MUYYARIKANDI,45-TIRUR,485
SAHADEVAN,45-TIRUR,402
MAMMUTTY KOOLIPARAMBAN,45-TIRUR,201
MAMMUTTY MANDAMKANDI,45-TIRUR,132
BAPPU VADAKKAYIL,45-TIRUR,60
ABID HUSSAIN THANGAL,46-KOTTAKKAL,71768
N.A. MUHAMMED KUTTY (MAMMOOTY),46-KOTTAKKAL,56726
V. UNNIKRISHNAN MASTER,46-KOTTAKKAL,13205
NEYYATHOOR KUNHIMOHAMED,46-KOTTAKKAL,2763
K.P.O. RAHMATHULLA,46-KOTTAKKAL,1719
C. MUHAMMED KUTTY,46-KOTTAKKAL,579
VILLAN MOHAMMED KUTTY,46-KOTTAKKAL,429
BINDU DEVARAJAN,46-KOTTAKKAL,223
SAINUL ABID THANGAL,46-KOTTAKKAL,150
BEERAN. K,46-KOTTAKKAL,105
K.T. JALEEL,47-THAVANUR,68179
IFTHIQUARUDHEEN MASTER,47-THAVANUR,51115
RAVI THELATH,47-THAVANUR,15801
P.K. JALEEL PARAKKUZHIYIL,47-THAVANUR,2649
ALI KADAMPUZHA,47-THAVANUR,1077
MUHAMMED PONNANI,47-THAVANUR,1007
IFTHIKARUDHEEN. P.P,47-THAVANUR,601
APPUNNI. O.V,47-THAVANUR,443
K.T. JALEEL KANHIRATHODIKA,47-THAVANUR,272
K.A. JALEEL KOTTILIL,47-THAVANUR,251
SONIA PINTO,47-THAVANUR,133
K.T. JALEEL KUNNATHODI,47-THAVANUR,124
P. SREERAMAKRISHNAN,48-PONNANI,69332
P.T. AJAI MOHAN,48-PONNANI,53692
K.K. SURENDRAN,48-PONNANI,11662
M.M. SHAKKIR,48-PONNANI,2048
M. MOIDUNNI HAJI,48-PONNANI,1857
ABDUL FATHAH,48-PONNANI,1659
SINDHUKUMARI P S,48-PONNANI,386
AJAY MOHAN,48-PONNANI,240
RAMAKRISHNAN PUDUSSERY,48-PONNANI,140
RAMAKRISHNAN NJAVANENGHAT,48-PONNANI,82
KOYILAN RAMAKRISHNAN,48-PONNANI,61
V.T. BALRAM,49-THRITHALA,66505
SUBAIDA ISHAC,49-THRITHALA,55958
V.T. REMA,49-THRITHALA,14510
C.P. MOHAMMEDALI,49-THRITHALA,1313
SUBAIDA,49-THRITHALA,1080
MOIDEEN KUTTY POOKKATH,49-THRITHALA,541
VINOD PERUMANNOOR,49-THRITHALA,366
BALARAM,49-THRITHALA,199
MUHAMMED MUHASSIN,50-PATTAMBI,64025
C P MOHAMMED,50-PATTAMBI,56621
P.  MANOJ,50-PATTAMBI,14824
ABDUL RAOOF C,50-PATTAMBI,1848
M A MOIDEENKUTTY MASTER,50-PATTAMBI,815
MUHSIN,50-PATTAMBI,525
ABOOBACKER P,50-PATTAMBI,422
MUHASIN PACHEERI,50-PATTAMBI,315
MUHAMMED CHERUVASSERI PALLIYALIL,50-PATTAMBI,126
MOHAMED MUHSIN PALOLI,50-PATTAMBI,101
NOBY AUGUSTINE,50-PATTAMBI,62
P.K. SASI,51-SHORNUR,66165
C. SANGEETHA,51-SHORNUR,41618
V.P. CHANDRAN,51-SHORNUR,28836
M SAIDALAVI,51-SHORNUR,1246
HARIS MUHAMMAD,51-SHORNUR,882
ANANDAN K K,51-SHORNUR,764
A. RADHAKRISHNAN,51-SHORNUR,697
P.K. ANUMON,51-SHORNUR,407
MOIDEENSHA MOLOOR,51-SHORNUR,247
P. UNNI,52-OTTAPALAM,67161
SHANIMOL OSMAN,52-OTTAPALAM,51073
P. VENUGOPALAN,52-OTTAPALAM,27605
A.A. SULFIKAR,52-OTTAPALAM,1166
K T PADMINI,52-OTTAPALAM,811
S.R. PRAKASH,52-OTTAPALAM,805
M.S. SUNEESH,52-OTTAPALAM,399
SURESH VELAYUDHAN,52-OTTAPALAM,179
K.V. VIJAYADAS,53-KONGAD,60790
PANDALAM SUDHAKARAN,53-KONGAD,47519
RENU SURESH,53-KONGAD,23800
RAMESH P V KANNAMPARIYARAM,53-KONGAD,789
N. SAMSUDHEEN,54-MANNARKAD,73163
K.P. SURESH RAJ,54-MANNARKAD,60838
KESAVADEV PUTHUMANA,54-MANNARKAD,10170
M. SULAIMAN,54-MANNARKAD,1112
SHAMSUDHEEN THOTTASSERI,54-MANNARKAD,622
AJIKUMAR. K,54-MANNARKAD,478
GEORGE KUTTY. E.V,54-MANNARKAD,445
YOOSAF ALANALLUR,54-MANNARKAD,412
SURESH BABU. M,54-MANNARKAD,331
V.S. ACHUTHANANDAN,55-MALAMPUZHA,73299
C. KRISHNAKUMAR,55-MALAMPUZHA,46157
V.S. JOY,55-MALAMPUZHA,35333
C.P. SREEDHARAN,55-MALAMPUZHA,3154
RAVI PALLATHERI,55-MALAMPUZHA,326
RAMESH PUDUPPARIYARAM,55-MALAMPUZHA,297
S. SARAVANAN,55-MALAMPUZHA,220
SHAFI PARAMBIL,56-PALAKKAD,57559
SOBHA SURENDRAN,56-PALAKKAD,40076
N N KRISHNADAS,56-PALAKKAD,38675
HARI ARUMBIL,56-PALAKKAD,411
M N ANUVARUDHEEN,56-PALAKKAD,364
A.K. BALAN,57-TARUR,67047
C. PRAKASH,57-TARUR,43979
K.V. DIVAKARAN,57-TARUR,15493
NARAYANANKUTTY K T,57-TARUR,663
K. KRISHNANKUTTY,58-CHITTUR,69270
K. ACHUTHAN,58-CHITTUR,61985
SASIKUMAR M,58-CHITTUR,12537
MAYILSAMY ( MAYILSWAMY),58-CHITTUR,6212
SANTHA,58-CHITTUR,679
KRISHNANKUTTY KUNNATH HOUSE,58-CHITTUR,672
P.C. RAMACHANDRAN,58-CHITTUR,571
ACHUTHAN THANKA NIVAS,58-CHITTUR,495
A. RAJEENA,58-CHITTUR,442
A KRISHNANKUTTY ARAMURI,58-CHITTUR,157
K. BABU,59-NENMARA,66316
A.V. GOPINATHAN,59-NENMARA,58908
N. SIVARAJAN,59-NENMARA,23096
MENAKA. K,59-NENMARA,2186
AJITH KOLLENGODE,59-NENMARA,772
SAKKIR HUSSAIN S,59-NENMARA,487
MOHANDASAN,59-NENMARA,461
BABU CHATHAN,59-NENMARA,324
BABU KUMARAN,59-NENMARA,239
BABU THATHAKUTTY,59-NENMARA,233
BABU VASU,59-NENMARA,204
M. VINOD,59-NENMARA,168
GOPINATHAN BALAKRISHNAN,59-NENMARA,131
K.D. PRASENAN,60-ALATHUR,71206
K. KUSALAKUMAR,60-ALATHUR,35146
M.P. SREEKUMAR MASTER,60-ALATHUR,19610
KRISHNANKUTTY K,60-ALATHUR,1010
KRISHNANKUTTY KUNISSERY,60-ALATHUR,326
M. RAJESH,60-ALATHUR,265
U R PRADEEP,61-CHELAKKARA,67771
THULASI TEACHER,61-CHELAKKARA,57571
SHAJUMON VATTEKKAD,61-CHELAKKARA,23845
A SUBRAMANNION,61-CHELAKKARA,1116
A C MOIDEEN,62-KUNNAMKULAM,63274
C P JOHN,62-KUNNAMKULAM,55492
K.K. ANEESHKUMAR,62-KUNNAMKULAM,29325
JILEEF ABDUL KHADAR,62-KUNNAMKULAM,1204
SULAIMAN,62-KUNNAMKULAM,710
P C SCHARIACHAN,62-KUNNAMKULAM,267
K.V. ABDUL KHADER,63-GURUVAYOOR,66088
P M SADIQALI,63-GURUVAYOOR,50990
NIVEDIDA,63-GURUVAYOOR,25490
P.R. SIYAD,63-GURUVAYOOR,1406
K.G.MOHANAN,63-GURUVAYOOR,1382
MUHAMMED RASHEED ARAKKAL,63-GURUVAYOOR,915
C.V. PREMARAJAN,63-GURUVAYOOR,314
ABDULKHADER KUMBILAVALAPPIL,63-GURUVAYOOR,256
SASI ANJOOR,63-GURUVAYOOR,204
MURALI PERUNELLY,64-MANALUR,70422
O ABDU RAHMANKUTTY,64-MANALUR,51097
A N RADHAKRISHNAN,64-MANALUR,37680
HUSSAIR K K,64-MANALUR,1180
ABHAYAN N A,64-MANALUR,588
MOIDUTTY HAJI,64-MANALUR,529
SHAJI KURIAN PANANGHAT,64-MANALUR,262
SOMAN PILLAI,64-MANALUR,132
ANIL AKKARA,65-WADAKKANCHERY,65535
MARY THOMAS,65-WADAKKANCHERY,65492
ULLAS BABU,65-WADAKKANCHERY,26652
GADDAFI A K,65-WADAKKANCHERY,477
P K SUBRAMANIAN,65-WADAKKANCHERY,419
ANIL,65-WADAKKANCHERY,237
K RAJAN,66-OLLUR,71666
M P VINCENT,66-OLLUR,58418
P.K. SANTHOSH (LALA),66-OLLUR,17694
MAJEED MULLAKARA,66-OLLUR,696
SAJIMON MANJAMATTAM,66-OLLUR,334
VINCENT M D MAROTTIKKAL,66-OLLUR,279
K. G. RAJAN,66-OLLUR,267
V. N. ASOKAN,66-OLLUR,214
V S SUNILKUMAR,67-THRISSUR,53664
PADMAJA VENUGOPAL,67-THRISSUR,46677
B GOPALAKRISHNAN,67-THRISSUR,24748
ANTONY J MALIAKAL,67-THRISSUR,256
P S UNNIKRISHNAN,67-THRISSUR,226
RAJI MANI,67-THRISSUR,154
S T PARAMASIVAN,67-THRISSUR,153
M PRADEEPAN ,67-THRISSUR,111
SANTHAKUMARY K V,67-THRISSUR,74
GEETHA GOPI,68-NATTIKA,70218
K.V. DASAN,68-NATTIKA,43441
T.V. BABU,68-NATTIKA,33650
ARUMUGHAN SNEHATHEERAM,68-NATTIKA,534
A K SANTHOSH,68-NATTIKA,530
T K PRASAD,68-NATTIKA,502
N.M. PUSHPANGADHAN,68-NATTIKA,253
CHANDRAN VAKEEL,68-NATTIKA,168
NINU K. B.,68-NATTIKA,163
SIVADAS N,68-NATTIKA,150
E T TAISON MASTER,69-KAIPAMANGALAM,66824
M T MUHAMMED NAHAS,69-KAIPAMANGALAM,33384
UNNIKRISHNAN THASHNATH,69-KAIPAMANGALAM,30041
K K SHAJAHAN,69-KAIPAMANGALAM,2002
ABDUL KAREEM P M,69-KAIPAMANGALAM,624
K H MOHAMMED RAFEEK,69-KAIPAMANGALAM,564
P A KUTTAPPAN,69-KAIPAMANGALAM,257
BIJU ITTITHARA,69-KAIPAMANGALAM,238
N D VENU,69-KAIPAMANGALAM,227
K.U. ARUNAN,70-IRINJALAKKUDA,59730
THOMAS UNNIYADAN,70-IRINJALAKKUDA,57019
SANTHOSH CHERAKULAM,70-IRINJALAKKUDA,30420
V.C. UNNIKRISHNAN,70-IRINJALAKKUDA,639
DAVIS CHATHELI,70-IRINJALAKKUDA,345
AYYAPPAN MANAYKAL,70-IRINJALAKKUDA,314
C RAVEENDRANATH,71-PUTHUKKAD,79464
SUNDARAN KUNNATHULLY,71-PUTHUKKAD,40986
A NAGESH (PARAMESWARAN),71-PUTHUKKAD,35833
ASIF NIYAS,71-PUTHUKKAD,519
C V VIJAYAN,71-PUTHUKKAD,431
SANTHOSH POLAKULATH,71-PUTHUKKAD,239
JAYAN KONIKKARA,71-PUTHUKKAD,237
SANTHOSH IYTHADAN,71-PUTHUKKAD,233
B D DEVASSY,72-CHALAKKUDY,74251
T U RADHAKRISHNAN,72-CHALAKKUDY,47603
UNNIKRISHNAN K A,72-CHALAKKUDY,26229
AYYAPPAN VAZHZVALAPPIL,72-CHALAKKUDY,561
JIJO,72-CHALAKKUDY,367
SABU CHATHELY,72-CHALAKKUDY,304
A E SABIRA,72-CHALAKKUDY,191
N A DEVASSY NELLIPPILLY,72-CHALAKKUDY,149
V R SUNILKUMAR,73-KODUNGALLUR,67909
K P DHANAPALAN,73-KODUNGALLUR,45118
SANGEETHA VISWANATHAN,73-KODUNGALLUR,32793
A K MANAF ,73-KODUNGALLUR,558
C K RADHAKRISHNAN,73-KODUNGALLUR,411
P K SUBRAMANIAN,73-KODUNGALLUR,367
RAJAN PAINAT,73-KODUNGALLUR,210
C S KRISHNAKUMAR,73-KODUNGALLUR,200
KATTU KANDATHIL JOSHY KUMAR,73-KODUNGALLUR,125
ELDHOSE KUNNAPPILLY,74-PERUMBAVOOR,64285
SAJU PAUL,74-PERUMBAVOOR,57197
E S BIJU,74-PERUMBAVOOR,19731
V K SHOUKKATH ALI,74-PERUMBAVOOR,2061
THOMAS K GEORGE,74-PERUMBAVOOR,971
JOHN PERUVANTHANAM,74-PERUMBAVOOR,385
M M YOOSAF,74-PERUMBAVOOR,134
P K SIVAN,74-PERUMBAVOOR,132
ROJI M JOHN,75-ANGAMALY,66666
BENNY MOONJELY,75-ANGAMALY,57480
P J BABU,75-ANGAMALY,9014
JAYANTHI AVINASH,75-ANGAMALY,742
M K KANJANAVALLY,75-ANGAMALY,595
P R MANIKYAMANGALAM (P R MOHANAN),75-ANGAMALY,385
SUNNY THOMAS MADASSERY,75-ANGAMALY,245
SHAJAN THATTIL,75-ANGAMALY,219
ANWAR SADATH,76-ALUVA,69568
V SALEEM,76-ALUVA,50733
LATHA GANGADHARAN,76-ALUVA,19349
SAMAD P I,76-ALUVA,2031
JOSE MAVELY,76-ALUVA,1726
AJMAL ISMAYIL,76-ALUVA,1716
NAZAR KODIKUTHUMALA,76-ALUVA,480
SHAMSUDEEN C A,76-ALUVA,138
A. BRAHMAKUMAR,76-ALUVA,114
REJIMON,76-ALUVA,114
KHALID MUNDAPPILLY,76-ALUVA,86
V K EBRAHIM KUNJU,77-KALAMASSERY,68726
A M YOUSAF,77-KALAMASSERY,56608
V GOPAKUMAR,77-KALAMASSERY,24244
SHAFEER MUHAMMED,77-KALAMASSERY,1706
PREMA G PISHARADY,77-KALAMASSERY,1391
V.M. ALIYAR,77-KALAMASSERY,634
UNNIKRISHNAN N A,77-KALAMASSERY,182
YUSSUF KODOPPILLY,77-KALAMASSERY,155
P K YOUSEF PANTHALAKKODATH,77-KALAMASSERY,155
V D SATHEESAN,78-PARAVUR,74985
SARADA MOHAN,78-PARAVUR,54351
HARI VIJAYAN,78-PARAVUR,28097
V M FAIZAL,78-PARAVUR,923
SIJIKUMAR K K,78-PARAVUR,557
SHINSA SELVARAJ,78-PARAVUR,302
SATHYANESAN,78-PARAVUR,261
JOSE THOMAS,78-PARAVUR,200
S SARMA,79-VYPEN,68526
K R SUBHASH,79-VYPEN,49173
VAMALOCHANAN K K,79-VYPEN,10051
JYOTHIVAS PARAVUR,79-VYPEN,1406
MANJULADEVI,79-VYPEN,248
RAJEEV NAAGAN,79-VYPEN,231
SUBHASH K S KIZHAKKE PADATHARA,79-VYPEN,217
K D VISWANATHAN,79-VYPEN,183
KODICKAL SADASIVAN,79-VYPEN,136
S D SATHEESH,79-VYPEN,88
K J MAXI,80-KOCHI,47967
DOMINIC PRESENTATION,80-KOCHI,46881
PRAVEEN DHAMODARA PRABHU,80-KOCHI,15212
K J LEENUS,80-KOCHI,7588
A.S. MUHAMMED,80-KOCHI,2357
SULFIKAR ALI,80-KOCHI,2108
T.P. ANTONY,80-KOCHI,386
JOHNY STEPHEN,80-KOCHI,180
JAYARAJ K S,80-KOCHI,172
ABDUL SAMAD,80-KOCHI,101
M SWARAJ,81-THRIPUNITHURA,62697
K BABU,81-THRIPUNITHURA,58230
THURAVOOR VISWAMBHARAN,81-THRIPUNITHURA,29843
T.A. KAMARUDHEEN,81-THRIPUNITHURA,683
SUDHEER YUSUF,81-THRIPUNITHURA,594
PADMINI D NETTOOR,81-THRIPUNITHURA,410
SWARAJ MANICKATHAN,81-THRIPUNITHURA,394
SAJU KOLATTUKUDI,81-THRIPUNITHURA,172
SUDHA M P,81-THRIPUNITHURA,156
SONIA JOSE,81-THRIPUNITHURA,128
GIREESH BABU,81-THRIPUNITHURA,122
K.N. PRADEEP,81-THRIPUNITHURA,116
AYYAPPAN,81-THRIPUNITHURA,112
HIBI EADEN,82-ERANAKULAM,57819
M ANIL KUMAR,82-ERANAKULAM,35870
N K MOHANDAS,82-ERANAKULAM,14878
IQBAL THAMARASSERY,82-ERANAKULAM,397
RUBESH JIMMI MADATHIPARAMBAN,82-ERANAKULAM,258
JOSSEY MATHEW,82-ERANAKULAM,117
ANILKUMAR ANANTHAPURAM,82-ERANAKULAM,115
ANILKUMAR PULIYOTH,82-ERANAKULAM,114
P.T. THOMAS,83-THRIKKAKARA,61451
SEBASTIAN PAUL,83-THRIKKAKARA,49455
S. SAJI,83-THRIKKAKARA,21247
K.M. SHAJAHAN,83-THRIKKAKARA,956
SHIBU P.A,83-THRIKKAKARA,346
VINOD P K,83-THRIKKAKARA,175
SILVI SUNIL,83-THRIKKAKARA,147
SRREDHARAN,83-THRIKKAKARA,82
LAL VISWAN,83-THRIKKAKARA,60
RAHUL R,83-THRIKKAKARA,58
P.H. RAMACHANDRAN,83-THRIKKAKARA,52
V P SAJEENDRAN,84-KUNNATHUNAD,65445
SHIJI SHIVAJI,84-KUNNATHUNAD,62766
THURAVOOR SURESH,84-KUNNATHUNAD,16459
N.O. KUTTAPPAN,84-KUNNATHUNAD,1263
ORNA KRISHNANKUTTY,84-KUNNATHUNAD,653
SAJEENDRAN PARAPPURATHU,84-KUNNATHUNAD,436
MANOJ,84-KUNNATHUNAD,116
ANOOP JACOB,85-PIRAVOM,73770
M.J. JACOB,85-PIRAVOM,67575
C.P. SATHYAN,85-PIRAVOM,17503
GIREESH,85-PIRAVOM,485
K.O. SUDHEER,85-PIRAVOM,342
ANOOP,85-PIRAVOM,298
RAJAN,85-PIRAVOM,233
ELDHO ABRAHAM,86-MUVATTUPUZHA,70269
JOSEPH VAZHACKAN,86-MUVATTUPUZHA,60894
P J THOMAS,86-MUVATTUPUZHA,9759
P K ABOOBACKAR THANGAL (KHAMARUDHEEN THA,86-MUVATTUPUZHA,513
P P MOIDEENKUNJU,86-MUVATTUPUZHA,428
JUSTIN T D,86-MUVATTUPUZHA,120
ANTONY JOHN,87-KOTHAMANGALAM,65467
T.U.KURUVILLA,87-KOTHAMANGALAM,46185
"P C CYRIAC, I.A.S.(RETD)",87-KOTHAMANGALAM,12926
N.A. ANAS,87-KOTHAMANGALAM,1490
YAHIYA THANGAL,87-KOTHAMANGALAM,775
T.K.KURUVILA THOTTATHIL,87-KOTHAMANGALAM,357
CHERIYAN ABRAHAM,87-KOTHAMANGALAM,261
ANTO JOHNY,87-KOTHAMANGALAM,163
S RAJENDRAN,88-DEVIKULAM,49510
A K MONI,88-DEVIKULAM,43728
R M DHANALAKSHMI,88-DEVIKULAM,11613
N CHANDRAN,88-DEVIKULAM,9592
J. RAJESWARY,88-DEVIKULAM,650
RAJENDRAN R,88-DEVIKULAM,485
C K GOVINDAN,88-DEVIKULAM,303
K. MANIKANDAN,88-DEVIKULAM,267
PANDIRAJ,88-DEVIKULAM,184
K P AYYAPPAN,88-DEVIKULAM,129
M.M. MANI,89-UDUMBANCHOLA,50813
SENAPATHY VENU,89-UDUMBANCHOLA,49704
SAJI PARAMBATHU,89-UDUMBANCHOLA,21799
B. SOMAN,89-UDUMBANCHOLA,1651
SHANAVAS BAKER,89-UDUMBANCHOLA,831
RAJU MANJAKKUNNEL,89-UDUMBANCHOLA,486
M.J. FRANCIS,89-UDUMBANCHOLA,132
P.J. JOSEPH,90-THODUPUZHA,76564
ROY VARICATTU,90-THODUPUZHA,30977
S PRAVEEN,90-THODUPUZHA,28845
ROY ARACKAL,90-THODUPUZHA,1294
NISHA JIMMY,90-THODUPUZHA,811
NAJEEB KALARICKAL,90-THODUPUZHA,710
P.J. AMBILY,90-THODUPUZHA,440
SANTHOSH P K,90-THODUPUZHA,292
K M VEENAS,90-THODUPUZHA,228
PAREETH,90-THODUPUZHA,194
ROSHY AUGUSTINE,91-IDUKKI,60556
K. FRANCIS GEORGE,91-IDUKKI,51223
BIJU MADHAVAN,91-IDUKKI,27403
SABU KOCHUPARAMPIL,91-IDUKKI,566
P.T. POOMKUDI,91-IDUKKI,436
BABU KOZHIMALA,91-IDUKKI,411
IDUKKI RAVI,91-IDUKKI,250
E S BIJIMOL,92-PEERUMADE,56584
SYRIAC THOMAS,92-PEERUMADE,56270
KUMAR,92-PEERUMADE,11833
ABDUL KADAR,92-PEERUMADE,2862
BENNY THOMAS,92-PEERUMADE,489
RAMASWAMY GOVINDAN,92-PEERUMADE,175
JOSEPH M T,92-PEERUMADE,107
K M MANI,93-PALA,58884
MANI C KAPPEN,93-PALA,54181
N HARI,93-PALA,24821
JOSE THOMAS PANDIYAMMAKKAL,93-PALA,489
ANTONY,93-PALA,217
SHAIJU PONKUNNAM,93-PALA,103
HASSAN KUNJU P S,93-PALA,90
BABU,93-PALA,83
MONS JOSEPH,94-KADUTHURUTHY,73793
SCARIA THOMAS,94-KADUTHURUTHY,31537
STEPHEN CHAZHIKADAN,94-KADUTHURUTHY,17536
GINISH JOHN M,94-KADUTHURUTHY,1473
T P KUTTAPPAN KURUPPANTHARA,94-KADUTHURUTHY,968
RAJEEV KIDANGOOR,94-KADUTHURUTHY,332
C K ASHA,95-VAIKOM,61997
A SANEESHKUMAR,95-VAIKOM,37413
N K NEELAKANDAN MASTER,95-VAIKOM,30067
K C CHANDRASEKHARAN,95-VAIKOM,540
SUBEESH SURENDRAN,95-VAIKOM,489
ANILA BOSE,95-VAIKOM,420
K C PRAKASH,95-VAIKOM,204
KUTTAN KATTACHIRA,95-VAIKOM,118
SURESH KURUP,96-ETTUMANOOR,53805
THOMAS CHAZHIKADAN,96-ETTUMANOOR,44906
A G THANKAPPAN,96-ETTUMANOOR,27540
JOSEMON MUNDACKAL,96-ETTUMANOOR,3774
ABDUL NAZAR,96-ETTUMANOOR,706
C P RAJESH,96-ETTUMANOOR,453
M S NOUSHAD,96-ETTUMANOOR,338
ASHARAJ,96-ETTUMANOOR,182
THIRUVANCHOOR RADHAKRISHNAN,97-KOTTAYAM,73894
REJI SAKHARIYA,97-KOTTAYAM,40262
M S KARUNAKARAN,97-KOTTAYAM,12582
P K GEETHA KRISHNAN,97-KOTTAYAM,651
ROY CHEMMANAM,97-KOTTAYAM,403
REJITHA JAYARAM,97-KOTTAYAM,182
JOHN JOY,97-KOTTAYAM,88
PAYAS C P,97-KOTTAYAM,58
OOMMEN CHANDY,98-PUTHUPPALLY,71597
JAICK C THOMAS,98-PUTHUPPALLY,44505
GEORGE KURIAN,98-PUTHUPPALLY,15993
SHIBU PARAKADAVAN,98-PUTHUPPALLY,911
M V CHERIAN,98-PUTHUPPALLY,131
K M SHIVAPRASAD GANDHI,98-PUTHUPPALLY,103
A K SHAJI,98-PUTHUPPALLY,64
JIJO,98-PUTHUPPALLY,51
JOSEPH T M,98-PUTHUPPALLY,49
C F THOMAS,99-CHANGANASSERY,50371
K C JOSEPH,99-CHANGANASSERY,48522
ETTUMANOOR RADHAKRISHNAN,99-CHANGANASSERY,21455
ALTHAPH HASSAN,99-CHANGANASSERY,1797
SOJAN PAVIYANOSE,99-CHANGANASSERY,1050
RAJI RAJAN,99-CHANGANASSERY,676
SURESH K,99-CHANGANASSERY,596
K N RAJAN,99-CHANGANASSERY,312
BABU VARGESE,99-CHANGANASSERY,292
KUNJUMON ABRAHAM,99-CHANGANASSERY,151
N JAYARAJ,100-KANJIRAPPALLY,53126
V. B. BINU,100-KANJIRAPPALLY,49236
V N MANOJ,100-KANJIRAPPALLY,31411
ARUN M JOHN,100-KANJIRAPPALLY,1113
MUHAMMED SIYAD,100-KANJIRAPPALLY,839
MANOJ ARUVIKKUZHY,100-KANJIRAPPALLY,138
ACHUTHAN K P,100-KANJIRAPPALLY,137
SAJAN C MADHAVAN,100-KANJIRAPPALLY,90
P C GEORGE PLATHOTTAM,101-POONJAR,63621
GEORGEKUTTY AUGUSTY,101-POONJAR,35800
P C JOSEPH PONNATTU,101-POONJAR,22270
M R ULLAS,101-POONJAR,19966
P A ABDUL HAKKIM,101-POONJAR,804
NISHAD NADAKAL,101-POONJAR,530
SAINULLAUDEEN,101-POONJAR,525
INDULEKHA JOSEPH,101-POONJAR,397
GEORGEKUTTY SEBASTIAN,101-POONJAR,375
JOSEPH P C PURATHAYIL,101-POONJAR,234
SIYAM P ASHRAF,101-POONJAR,194
GEORGE CHACKO,101-POONJAR,166
RAJU VATTAPPARA,101-POONJAR,148
JAMES JOSEPH,101-POONJAR,143
SANTHOSH CHENNADU,101-POONJAR,96
T M SURENDRAN,101-POONJAR,94
ABRAHAM,101-POONJAR,77
A.M. ARIFF,102-AROOR,84720
C.R. JAYAPRAKASH,102-AROOR,46201
ANIYAPPAN,102-AROOR,27753
MOHAN CHACKO,102-AROOR,761
K.PRATHAPAN,102-AROOR,556
LIYAKATHALI,102-AROOR,434
FAIZAL,102-AROOR,433
THURAVOOR RAJASEKHARAN,102-AROOR,281
P. THILOTHAMAN,103-CHERTHALA,81197
S. SARATH,103-CHERTHALA,74001
P.S. RAJEEV,103-CHERTHALA,19614
C.P.THILAKAN,103-CHERTHALA,845
S. SARATH KANNATTUCHIRA NIKARTH,103-CHERTHALA,639
SONNYMON K MATHEW,103-CHERTHALA,348
VAYALAR RAJEEVAN,103-CHERTHALA,174
K.V. JOSEPH,103-CHERTHALA,150
T.M. THOMAS ISAAC,104-ALAPPUZHA,83211
LALY VINCENT,104-ALAPPUZHA,52179
RANJIT SREENIVAS,104-ALAPPUZHA,18214
P.A. SULAIMAN KUNJU,104-ALAPPUZHA,703
K. MUJEEB,104-ALAPPUZHA,481
K.A.VINOD,104-ALAPPUZHA,244
PREMJI.K.P,104-ALAPPUZHA,149
PRASANTH,104-ALAPPUZHA,113
G.SUDHAKARAN,105-AMBALAPUZHA,63069
SHAIK.P. HARRIZ,105-AMBALAPUZHA,40448
L.P. JAYACHANDRAN,105-AMBALAPUZHA,22730
K.S. SHAN,105-AMBALAPUZHA,1622
R. ARJUNAN,105-AMBALAPUZHA,1439
NASSAR. M. PYNGAMADOM,105-AMBALAPUZHA,1053
A.ANSARI,105-AMBALAPUZHA,931
NASAR ARATTUPUZHA,105-AMBALAPUZHA,878
JOSEPH KUTTIKKADAN,105-AMBALAPUZHA,266
P.G. SUGUNAN,105-AMBALAPUZHA,231
THOMAS CHANDY,106-KUTTANAD,50114
JACOB ABRAHAM,106-KUTTANAD,45223
SUBHASH VASU,106-KUTTANAD,33044
NANDANAN VALIYAPARAMBU,106-KUTTANAD,371
SANIL.P.M(SUNNY PATHINARIL),106-KUTTANAD,354
JOSE KOIPPALLY,106-KUTTANAD,263
JACOB ABRAHAM PANAVELIL,106-KUTTANAD,262
MOHANAN,106-KUTTANAD,105
RAMESH CHENNITHALA,107-HARIPAD,75980
P. PRASAD,107-HARIPAD,57359
D. ASWANI DEV,107-HARIPAD,12985
VARKALA RAJ,107-HARIPAD,623
ASHABUL HAQ,107-HARIPAD,512
C. BALAKRISHNAN,107-HARIPAD,417
SIDHARTHAN KARUVATTA,107-HARIPAD,149
A. MUHAMMED,107-HARIPAD,147
SAMUDAYATHIL RAVI R UNNITHAN,107-HARIPAD,93
PRADEEP KARIPUZHA,107-HARIPAD,87
SATHEESHKUMAR B,107-HARIPAD,75
D PRASOOL PRAKASH,107-HARIPAD,46
PRASAD UNIKKANTHARA,107-HARIPAD,38
U. PRATHIBHA HARI,108-KAYAMKULAM,72956
M. LIJU,108-KAYAMKULAM,61099
SHAJI.M.PANICKER,108-KAYAMKULAM,20000
MUTTOM NAZAR,108-KAYAMKULAM,1125
P MANIYAPPAN ACHARY,108-KAYAMKULAM,745
G. VEENA,108-KAYAMKULAM,177
AJITH P,108-KAYAMKULAM,159
LIJU M VALLIYATHU,108-KAYAMKULAM,87
R.RAJESH,109-MAVELIKARA,74555
BAIJU KALASALA,109-MAVELIKARA,43013
P.M.VELAYUDHAN,109-MAVELIKARA,30929
ASHA.T,109-MAVELIKARA,242
KATTANAM SURESH,109-MAVELIKARA,213
AJEESHKUMAR,109-MAVELIKARA,213
K.K. RAMACHANDRAN NAIR,110-CHENGANNUR,52880
P.C. VISHNUNATH,110-CHENGANNUR,44897
P.S SREEDHARAN PILLAI,110-CHENGANNUR,42682
SOBHANA GEORGE,110-CHENGANNUR,3966
ALEX,110-CHENGANNUR,483
E.T. SASI,110-CHENGANNUR,247
MATHEW T THOMAS,111-THIRUVALLA,59660
JOSEPH M PUTHUSSERY,111-THIRUVALLA,51398
AKKERAMAN KALIDASAN BHATTATHIRIPAD,111-THIRUVALLA,31439
SAJI KADAMPANAD,111-THIRUVALLA,756
SIMI M JACOB,111-THIRUVALLA,444
CHERIAN M V,111-THIRUVALLA,366
RAJU ABRAHAM,112-RANNI,58749
MARIAMMA CHERIAN,112-RANNI,44153
K. PADMAKUMAR,112-RANNI,28201
PRASAD UTHIMOODU,112-RANNI,1072
FAWSEENA THAKBEER,112-RANNI,862
GEETHAMMA MADHAVAN,112-RANNI,298
VARUGHESE THOMAS,112-RANNI,154
VEENA GEORGE,113-ARANMULA,64523
K SIVADASAN NAIR,113-ARANMULA,56877
M T RAMESH,113-ARANMULA,37906
T. AMRITHAKUMAR,113-ARANMULA,548
SREEKANTH M VALLAKKOTT,113-ARANMULA,252
CHANDRAN,113-ARANMULA,249
ANIL KUMAR K G,113-ARANMULA,217
HABEEB REHMAN,113-ARANMULA,187
SHAJI MEZHUVELI,113-ARANMULA,104
ADOOR PRAKASH,114-KONNI,72800
R. SANAL KUMAR,114-KONNI,52052
ASOKA KUMAR D,114-KONNI,16713
REYASH,114-KONNI,401
JOSHY JOSEPH,114-KONNI,365
SURESH V,114-KONNI,249
BIJU ELAMANNOOR,114-KONNI,133
VISHNU S,114-KONNI,96
CHITTAYAM GOPAKUMAR,115-ADOOR,76034
K.K. SHAJU,115-ADOOR,50574
P. SUDHEER,115-ADOOR,25940
JYOTHISH PERUMPULICKAL,115-ADOOR,673
PLAVINAL SANTHOSH,115-ADOOR,410
AJITHA P,115-ADOOR,408
VISHNU RAJ T,115-ADOOR,307
R.RAMACHANDRAN,116-KARUNAGAPPALLY,69902
C.R.MAHESH,116-KARUNAGAPPALLY,68143
V. SADHASIVAN,116-KARUNAGAPPALLY,19115
A.K.SALAHUDHEEN,116-KARUNAGAPPALLY,1738
MYLAKKADU SHAH,116-KARUNAGAPPALLY,1620
GOPALAKRISHNAN,116-KARUNAGAPPALLY,649
RAMACHANDRAN K S PURAM,116-KARUNAGAPPALLY,594
N.VIJAYAN PILLAI,117-CHAVARA,64666
SHIBU BABYJOHN,117-CHAVARA,58477
M.SUNIL,117-CHAVARA,10276
SHAHUL THENGUMTHARA,117-CHAVARA,1439
ANSAR THEVALAKKARA,117-CHAVARA,1106
SHIBU,117-CHAVARA,427
THEVALAKKARA MANOJ,117-CHAVARA,403
ABU MUHAMMED,117-CHAVARA,228
ANILKUMAR KALLAMBALAM,117-CHAVARA,162
V.SUBASH,117-CHAVARA,121
CHELLAPPAN,117-CHAVARA,121
KARAMKODE BALAKRISHNAN,117-CHAVARA,93
KOVOOR KUNJUMON,118-KUNNATHUR,75725
ULLAS KOVUR,118-KUNNATHUR,55196
THAZHAVA SAHADEVAN,118-KUNNATHUR,21742
THULASEEDHARAN PALLICKAL,118-KUNNATHUR,1698
KUNJUMON,118-KUNNATHUR,1516
C.K GOPI,118-KUNNATHUR,1422
V. REMADEVI,118-KUNNATHUR,740
MANILAL M,118-KUNNATHUR,718
P.AISHA POTTY,119-KOTTARAKKARA,83443
SAVIN SATHYAN,119-KOTTARAKKARA,40811
RAJESWARY RAJENDRAN,119-KOTTARAKKARA,24062
MADHU.B,119-KOTTARAKKARA,491
R.SUKUMARAN,119-KOTTARAKKARA,386
VELIYAM SHAJI,119-KOTTARAKKARA,325
HARIPRASAD,119-KOTTARAKKARA,173
AJAYAKUMAR THANKAPPAN,119-KOTTARAKKARA,80
K.B. GANESH KUMAR,120-PATHANAPURAM,74429
P.V JAGADISHKUMAR,120-PATHANAPURAM,49867
REGHU DAMODHARAN (BHEEMAN REGHU),120-PATHANAPURAM,11700
FAIZY M PASHA,120-PATHANAPURAM,3843
PERINAD GOPALAKRISHNAN,120-PATHANAPURAM,846
REGHU.P,120-PATHANAPURAM,366
SUDHEER.M.G,120-PATHANAPURAM,254
CHANDRASEHKARA PILLAI M.G,120-PATHANAPURAM,194
MADHU.R,120-PATHANAPURAM,105
K.RAJU,121-PUNALOOR,82136
A.YOUNUS KUNJU,121-PUNALOOR,48554
SISSIL FERNANDEZ,121-PUNALOOR,10558
K.SASANKAN,121-PUNALOOR,1117
NETTAYAM SUJI,121-PUNALOOR,639
SATHEESHKUMAR.B,121-PUNALOOR,415
NAVAS.M,121-PUNALOOR,164
MULLAKKARA RETNAKARAN,122-CHADAYAMANGALAM,71262
M M HASSAN,122-CHADAYAMANGALAM,49334
K SIVADASAN,122-CHADAYAMANGALAM,19259
JALEEL KADAKKAL,122-CHADAYAMANGALAM,1445
SAJEED KHALEEDU,122-CHADAYAMANGALAM,1222
MUHAMMED NAJIM.S,122-CHADAYAMANGALAM,1098
SUNNY ITTIVA,122-CHADAYAMANGALAM,538
SREEJITH S,122-CHADAYAMANGALAM,284
J.MERCY KUTTY AMMA,123-KUNDARA,79047
RAJMOHAN UNNITHAN,123-KUNDARA,48587
M S SYAM KUMAR,123-KUNDARA,20257
SHARAFATH MALLAM,123-KUNDARA,1325
KABEER KUTTY.I.PUTHEZHAM,123-KUNDARA,1132
S.M.JABER,123-KUNDARA,698
VIJAYAKUMAR,123-KUNDARA,485
V ANTONY,123-KUNDARA,340
M MUKESH,124-KOLLAM,63103
SOORAJ RAVI,124-KOLLAM,45492
K. SASIKUMAR,124-KOLLAM,17409
JOHNSON KANDACHIRA,124-KOLLAM,1576
K. BALAKRISHNAN,124-KOLLAM,431
NARAYANAN NAIR,124-KOLLAM,209
S. CHANDRAN,124-KOLLAM,174
M. NOUSHAD,125-ERAVIPURAM,65392
A.A.AZEEZ,125-ERAVIPURAM,36589
AKKAVILA SATHEEK,125-ERAVIPURAM,19714
AYATHIL RAZAK,125-ERAVIPURAM,988
MUHAMMED ISMAIL,125-ERAVIPURAM,643
MANOJ,125-ERAVIPURAM,463
VINOD B.,125-ERAVIPURAM,232
G.S.JAYALAL,126-CHATHANNOOR,67606
B B GOPAKUMAR,126-CHATHANNOOR,33199
SOORANAD RAJASEKHARAN,126-CHATHANNOOR,30139
RAJU T,126-CHATHANNOOR,658
SALIMRAJ A,126-CHATHANNOOR,491
VELAYUDHAN PILLAI,126-CHATHANNOOR,290
JAYAKALA L,126-CHATHANNOOR,212
V JOY ,127-VARKALA,53102
VARKALA KAHAR,127-VARKALA,50716
AJI S R M,127-VARKALA,19872
VARKALA R LINEES,127-VARKALA,1888
ABDUL SALAM,127-VARKALA,466
SUNILKUMAR S,127-VARKALA,357
SUDEVAN,127-VARKALA,351
NADAYARA JABBAR,127-VARKALA,297
BHASIDHARAN NAIR,127-VARKALA,138
SALU R,127-VARKALA,135
VARKALA SABESAN,127-VARKALA,126
VIVEKANANDAN,127-VARKALA,101
B.SATYAN,128-ATTINGAL,72808
K CHANDRABABU,128-ATTINGAL,32425
RAJI PRASAD,128-ATTINGAL,27602
M.K.MANOJKUMAR,128-ATTINGAL,1437
K.SIVANANDAN,128-ATTINGAL,789
RAJESH.R,128-ATTINGAL,639
B JAYANTHAKUMAR,128-ATTINGAL,597
C.R.THULASI,128-ATTINGAL,411
PRATHEESHKUMAR.P,128-ATTINGAL,162
V SASI,129-CHIRAYINKEEZHU,64692
K.S.AJITH KUMAR,129-CHIRAYINKEEZHU,50370
P.P.VAVA,129-CHIRAYINKEEZHU,19478
SASI PANTHALAM,129-CHIRAYINKEEZHU,955
SANTHINI,129-CHIRAYINKEEZHU,639
AMBILI.V,129-CHIRAYINKEEZHU,589
AJITH NANDANCODE,129-CHIRAYINKEEZHU,226
SHIBU (ROY KORANI),129-CHIRAYINKEEZHU,206
AJITH,129-CHIRAYINKEEZHU,133
C DIVAKARAN,130-NEDUMANGAD,57745
PALOD RAVI,130-NEDUMANGAD,54124
V V RAJESH,130-NEDUMANGAD,35139
ABDUL SALAM.A,130-NEDUMANGAD,1039
BIPIN .M.I,130-NEDUMANGAD,910
ANDOORKONAM SULFI,130-NEDUMANGAD,503
SHIBU. G,130-NEDUMANGAD,318
PERINJAMMALA AJI,130-NEDUMANGAD,251
SOMAN,130-NEDUMANGAD,217
DIVAKARAN PANI,130-NEDUMANGAD,143
PARIYARAM RAVEENDRAN,130-NEDUMANGAD,80
RAVEENDRAN NAIR,130-NEDUMANGAD,63
D K MURALI,131-VAMANAPURAM,65848
T.SARATHCHANDRAPRASAD,131-VAMANAPURAM,56252
R V NIKHIL,131-VAMANAPURAM,13956
THACHONAM NIZAMUDEEN,131-VAMANAPURAM,1774
ANIL PALODE,131-VAMANAPURAM,901
SUGATHAN. S,131-VAMANAPURAM,517
G. AJITH,131-VAMANAPURAM,515
Irinchayam Suresh,131-VAMANAPURAM,286
O. BINUMON,131-VAMANAPURAM,246
ANIL. K Ponganadu,131-VAMANAPURAM,228
MANIRAJ BHARATHANOOR,131-VAMANAPURAM,123
KADAKAMPALLY SURENDRAN,132-KAZHAKKOOTTAM,50079
V.MURALEEDHARAN,132-KAZHAKKOOTTAM,42732
M.A.VAHEED,132-KAZHAKKOOTTAM,38602
KOCHUMANI,132-KAZHAKKOOTTAM,496
N.A.VAHID PUTHUMANGALAM,132-KAZHAKKOOTTAM,412
ANEESH,132-KAZHAKKOOTTAM,370
SURENDRAN PILLAI,132-KAZHAKKOOTTAM,108
MANIMEKHALA,132-KAZHAKKOOTTAM,84
SASIKALA,132-KAZHAKKOOTTAM,83
MURUKAN.A,132-KAZHAKKOOTTAM,59
MURALEEDHARAN VAISHNAVAM,132-KAZHAKKOOTTAM,58
PRASAD.P,132-KAZHAKKOOTTAM,54
K MURALEEDHARAN,133-VATTIYOORKAVU,51322
KUMMANAM RAJASEKHARAN,133-VATTIYOORKAVU,43700
T.N.SEEMA,133-VATTIYOORKAVU,40441
MEKKANSI K JOHN,133-VATTIYOORKAVU,399
BINU. D,133-VATTIYOORKAVU,147
SAHADEVAN,133-VATTIYOORKAVU,103
K.G. MOHANAN,133-VATTIYOORKAVU,77
BABY. D,133-VATTIYOORKAVU,53
SAJU AMEERDAS,133-VATTIYOORKAVU,48
V.S. SIVAKUMAR,134-THIRUVANANTHAPURAM,46474
ANTONY RAJU,134-THIRUVANANTHAPURAM,35569
SREESANTH,134-THIRUVANANTHAPURAM,34764
BIJU RAMESH,134-THIRUVANANTHAPURAM,5762
Nandavanam Suseelan,134-THIRUVANANTHAPURAM,450
ANTONY RAJU NEW COLONY,134-THIRUVANANTHAPURAM,424
MOHANAMBIKA. D,134-THIRUVANANTHAPURAM,398
P S GOPAKUMAR,134-THIRUVANANTHAPURAM,344
Sivakumar Raveendran Nair,134-THIRUVANANTHAPURAM,208
PRAVEEN ARIMBRATHODIYIL,134-THIRUVANANTHAPURAM,170
M S SUBI,134-THIRUVANANTHAPURAM,113
SIVAKUMAR PUSHKARAN,134-THIRUVANANTHAPURAM,101
O Rajagopal,135-NEMOM,67813
V.SIVANKUTTY,135-NEMOM,59142
V.SURENDRAN PILLAI,135-NEMOM,13860
A.NOUSHAD,135-NEMOM,406
SHAMLAJA BEEVI.B,135-NEMOM,330
J.VIKRAMAN Prachalloor,135-NEMOM,170
JAIN WILSON,135-NEMOM,163
SAILESWARA BABU.N,135-NEMOM,114
K S SABARINADHAN,136-ARUVIKKARA,70910
A A RASHEED,136-ARUVIKKARA,49596
RAJASENAN,136-ARUVIKKARA,20294
M A JALEEL,136-ARUVIKKARA,707
CHITHRALEKHA. E,136-ARUVIKKARA,673
Sabarinath,136-ARUVIKKARA,331
Cherappally Viswanathan,136-ARUVIKKARA,188
Rasheed,136-ARUVIKKARA,158
A P Kakkadu,136-ARUVIKKARA,134
AJITHA B,136-ARUVIKKARA,130
C.K. HARINDRAN,137-PARASSALA,70156
A.T. GEORGE,137-PARASSALA,51590
Karamana Jayan,137-PARASSALA,33028
Binoy S,137-PARASSALA,745
Shaju Paliyodu,137-PARASSALA,732
Dalumugham Johny Thampy,137-PARASSALA,294
Vellarada Mohanraj,137-PARASSALA,287
V Selvan,137-PARASSALA,243
Shajahan Kudappanamoodu,137-PARASSALA,163
I.B. SATHEESH,138-KATTAKKADA,51614
N SHAKTHAN ,138-KATTAKKADA,50765
P.K. KRISHNADAS,138-KATTAKKADA,38700
Biju S R ,138-KATTAKKADA,709
ASHRAF PRAVACHAMBALAM,138-KATTAKKADA,627
S Mini,138-KATTAKKADA,295
K Sasikumar,138-KATTAKKADA,192
M Vincent,139-KOVALAM,60268
Jameela Prakasam,139-KOVALAM,57653
Kovalam T N Suresh,139-KOVALAM,30987
K. R Anish,139-KOVALAM,996
M.C. Jayalal,139-KOVALAM,933
Pramod Kumar,139-KOVALAM,564
Sarasamma T.,139-KOVALAM,558
S Shaji,139-KOVALAM,400
M Sugathan,139-KOVALAM,389
Silvaster,139-KOVALAM,373
K. ANSALAN,140-NEYYATTINKARA,63559
R Selvaraj,140-NEYYATTINKARA,54016
Punchakkari Surendran,140-NEYYATTINKARA,15531
Prabhakaran,140-NEYYATTINKARA,566
Anilkumar,140-NEYYATTINKARA,280
